Year,Sample_ID,Tissue_type,Coral,Depth,Atoll,Site,Symbiont_d13C,Symbiont_d15N,Symbiont_C_ug,Symbiont_wt-percent_C,Symbiont_wt-percent_C_num,Symbiont_N_ug,Symbiont_wt-percent_N,Symbiont_wt-percent_N_num,Symbiont_dry-weight_mg,Symbiont_dry-weight_ug,Symbiont_CN_molar-ratio
2015,ZM002,Symbiont,Pachyseris,Deep,North Male,Reethi Rah,-15.4,5.3,518,0.243,24.3,65.4,0.031,3.1,2.132,2132,9.2
2015,ZM005,Symbiont,Pachyseris,Deep,North Male,Reethi Rah,-15.1,5.3,332.5,0.156,15.6,40.6,0.019,1.9,2.13,2130,9.6
2015,ZM009,Symbiont,Pachyseris,Deep,North Male,Reethi Rah,-14.4,5.1,428.4,0.209,20.9,47,0.023,2.3,2.052,2052,10.6
2015,ZM010,Symbiont,Galaxea,Deep,North Male,Reethi Rah,-17.4,4.5,367.5,0.181,18.1,56,0.028,2.8,2.036,2036,7.7
2015,ZM011,Symbiont,Galaxea,Deep,North Male,Reethi Rah,-17.2,5.5,318,0.155,15.5,43.3,0.021,2.1,2.053,2053,8.6
2015,ZM012,Symbiont,Galaxea,Deep,North Male,Reethi Rah,-17.2,4.3,482.2,0.239,23.9,69.8,0.035,3.5,2.019,2019,8.1
2015,ZM016,Symbiont,Pachyseris,Shallow,North Male,Reethi Rah,-8.9,5.1,275.9,0.133,13.3,24.1,0.012,1.2,2.067,2067,13.4
2015,ZM017,Symbiont,Pachyseris,Shallow,North Male,Reethi Rah,-16.6,4.8,486,0.232,23.2,42,0.02,2,2.095,2095,13.5
2015,ZM021,Symbiont,Galaxea,Shallow,North Male,Reethi Rah,-14.4,3.9,559.4,0.272,27.2,105.2,0.051,5.1,2.056,2056,6.2
2015,ZM024,Symbiont,Galaxea,Shallow,North Male,Reethi Rah,-14,4.7,454.5,0.216,21.6,64.5,0.031,3.1,2.106,2106,8.2
2015,ZM031,Symbiont,Galaxea,Shallow,North Male,Reethi Rah,-14.4,4.3,380.3,0.188,18.8,64,0.032,3.2,2.022,2022,6.9
2015,ZM034,Symbiont,Pachyseris,Deep,North Ari,Mathiveri,-12.4,4.8,215.7,0.108,10.8,26.9,0.013,1.3,2.001,2001,9.4
2015,ZM035,Symbiont,Pachyseris,Deep,North Ari,Mathiveri,-13.7,5.4,201.3,0.1,10,25.6,0.013,1.3,2.018,2018,9.2
2015,ZM037,Symbiont,Pachyseris,Deep,North Ari,Mathiveri,-12.1,4.5,213.7,0.106,10.6,23.8,0.012,1.2,2.024,2024,10.5
2015,ZM040,Symbiont,Galaxea,Deep,North Ari,Mathiveri,-16.5,4.6,250.4,0.115,11.5,39.5,0.018,1.8,2.181,2181,7.4
2015,ZM041,Symbiont,Galaxea,Deep,North Ari,Mathiveri,-17.8,3.4,472.6,0.234,23.4,79.4,0.039,3.9,2.022,2022,6.9
2015,ZM045,Symbiont,Galaxea,Deep,North Ari,Mathiveri,-17.7,4,299.5,0.149,14.9,44.9,0.022,2.2,2.013,2013,7.8
2015,ZM050,Symbiont,Galaxea,Shallow,North Ari,Mathiveri,-15,4.8,479,0.233,23.3,71.8,0.035,3.5,2.057,2057,7.8
2015,ZM055,Symbiont,Galaxea,Shallow,North Ari,Mathiveri,-14.6,4.1,472.6,0.23,23,80.2,0.039,3.9,2.053,2053,6.9
2015,ZM056,Symbiont,Galaxea,Shallow,North Ari,Mathiveri,-16.1,3.4,319,0.152,15.2,53.9,0.026,2.6,2.102,2102,6.9
2015,ZM059,Symbiont,Galaxea,Deep,North Ari,Dinoluga,-17.4,5.6,219.5,0.105,10.5,36.6,0.017,1.7,2.098,2098,7
2015,ZM060,Symbiont,Galaxea,Deep,North Ari,Dinoluga,-17.8,4.1,419.4,0.206,20.6,62.3,0.031,3.1,2.035,2035,7.9
2015,ZM061,Symbiont,Galaxea,Deep,North Ari,Dinoluga,-17.4,4.3,231.9,0.113,11.3,32.1,0.016,1.6,2.059,2059,8.4
2015,ZM063,Symbiont,Pocillopora,Deep,North Ari,Dinoluga,-15.9,6.3,515.9,0.251,25.1,114.5,0.056,5.6,2.052,2052,5.3
2015,ZM068,Symbiont,Pocillopora,Deep,North Ari,Dinoluga,-15.7,6.4,695,0.337,33.7,185.3,0.09,9,2.06,2060,4.4
2015,ZM069,Symbiont,Pocillopora,Deep,North Ari,Dinoluga,-18.6,4.9,692.3,0.333,33.3,111.4,0.054,5.4,2.08,2080,7.3
2015,ZM071,Symbiont,Pachyseris,Deep,North Ari,Dinoluga,-13.9,5,278.5,0.137,13.7,36.9,0.018,1.8,2.039,2039,8.8
2015,ZM074,Symbiont,Pachyseris,Deep,North Ari,Dinoluga,-9.6,5.2,226.3,0.109,10.9,21,0.01,1,2.075,2075,12.6
2015,ZM076,Symbiont,Pachyseris,Deep,North Ari,Dinoluga,-18.4,4.5,372.8,0.182,18.2,57.1,0.028,2.8,2.048,2048,7.6
2015,ZM079,Symbiont,Galaxea,Shallow,North Ari,Dinoluga,-14,4.1,273.9,0.126,12.6,37.8,0.017,1.7,2.17,2170,8.5
2015,ZM082,Symbiont,Galaxea,Shallow,North Ari,Dinoluga,-15.1,5.1,379.4,0.184,18.4,50.5,0.025,2.5,2.06,2060,8.8
2015,ZM090,Symbiont,Pocillopora,Shallow,North Ari,Dinoluga,-16.1,5.5,810.2,0.375,37.5,148.7,0.069,6.9,2.158,2158,6.4
2015,ZM094,Symbiont,Pocillopora,Shallow,North Ari,Dinoluga,-16.9,5.5,678.6,0.335,33.5,105.1,0.052,5.2,2.024,2024,7.5
2015,ZM096,Symbiont,Pocillopora,Shallow,North Ari,Dinoluga,-14.5,5.1,672.4,0.331,33.1,77.1,0.038,3.8,2.03,2030,10.2
2015,ZM101,Symbiont,Pachyseris,Deep,South Ari,Dhiggaru Falhu,-14.8,6.5,285.5,0.14,14,38.4,0.019,1.9,2.036,2036,8.7
2015,ZM105,Symbiont,Pachyseris,Deep,South Ari,Dhiggaru Falhu,-13.9,6.6,738.6,0.341,34.1,70.3,0.033,3.3,2.163,2163,12.3
2015,ZM106,Symbiont,Pachyseris,Deep,South Ari,Dhiggaru Falhu,-14.8,6.5,224.1,0.111,11.1,21.9,0.011,1.1,2.019,2019,11.9
2015,ZM108,Symbiont,Pocillopora,Deep,South Ari,Dhiggaru Falhu,-17.4,5,688.5,0.34,34,129.4,0.064,6.4,2.025,2025,6.2
2015,ZM109,Symbiont,Pocillopora,Deep,South Ari,Dhiggaru Falhu,-17.7,5.4,640.4,0.298,29.8,114.8,0.053,5.3,2.147,2147,6.5
2015,ZM110,Symbiont,Pocillopora,Deep,South Ari,Dhiggaru Falhu,-17.7,4.8,523.4,0.261,26.1,86.1,0.043,4.3,2.008,2008,7.1
2015,ZM111,Symbiont,Galaxea,Deep,South Ari,Dhiggaru Falhu,-16.3,5.7,441.6,0.215,21.5,58.8,0.029,2.9,2.052,2052,8.8
2015,ZM112,Symbiont,Pachyseris,Shallow,South Ari,Dhiggaru Falhu,-14.1,6.1,311.9,0.147,14.7,46.5,0.022,2.2,2.115,2115,7.8
2015,ZM115,Symbiont,Pachyseris,Shallow,South Ari,Dhiggaru Falhu,-13.5,6.1,313.5,0.148,14.8,38.6,0.018,1.8,2.12,2120,9.5
2015,ZM119,Symbiont,Pachyseris,Shallow,South Ari,Dhiggaru Falhu,-15.7,5.1,400.8,0.196,19.6,47.3,0.023,2.3,2.044,2044,9.9
2015,ZM123,Symbiont,Pocillopora,Shallow,South Ari,Dhiggaru Falhu,-16.6,5,551.6,0.269,26.9,89.5,0.044,4.4,2.047,2047,7.2
2015,ZM124,Symbiont,Pocillopora,Shallow,South Ari,Dhiggaru Falhu,-16.5,4.8,598.8,0.294,29.4,101.7,0.05,5,2.038,2038,6.9
2015,ZM125,Symbiont,Pocillopora,Shallow,South Ari,Dhiggaru Falhu,-16.3,5.3,732.5,0.361,36.1,135.7,0.067,6.7,2.028,2028,6.3
2015,ZM129,Symbiont,Galaxea,Shallow,South Ari,Dhiggaru Falhu,-19.2,4,558,0.278,27.8,67.4,0.034,3.4,2.009,2009,9.7
2015,ZM131,Symbiont,Galaxea,Shallow,South Ari,Dhiggaru Falhu,-15.1,4.5,450.1,0.217,21.7,72.8,0.035,3.5,2.077,2077,7.2
2015,ZM132,Symbiont,Galaxea,Shallow,South Ari,Dhiggaru Falhu,-15,5,387.7,0.188,18.8,46.6,0.023,2.3,2.064,2064,9.7
2015,ZM139,Symbiont,Pachyseris,Deep,Dhaalu,Hulhuvehi,-14.8,6,664.1,0.33,33,61.5,0.031,3.1,2.014,2014,12.6
2015,ZM142,Symbiont,Pachyseris,Deep,Dhaalu,Hulhuvehi,-16,5.8,475.6,0.236,23.6,51.5,0.026,2.6,2.019,2019,10.8
2015,ZM143,Symbiont,Pachyseris,Deep,Dhaalu,Hulhuvehi,-13.2,5.6,271.7,0.134,13.4,23.9,0.012,1.2,2.034,2034,13.3
2015,ZM145,Symbiont,Galaxea,Deep,Dhaalu,Hulhuvehi,-15,5.5,358.7,0.169,16.9,31.4,0.015,1.5,2.119,2119,13.3
2015,ZM146,Symbiont,Galaxea,Deep,Dhaalu,Hulhuvehi,-17.7,5.9,466.4,0.227,22.7,73.5,0.036,3.6,2.056,2056,7.4
2015,ZM148,Symbiont,Pocillopora,Deep,Dhaalu,Hulhuvehi,-16.8,5.4,532.2,0.254,25.4,69.7,0.033,3.3,2.097,2097,8.9
2015,ZM152,Symbiont,Pocillopora,Deep,Dhaalu,Hulhuvehi,-15.5,6.3,744.3,0.357,35.7,134.7,0.065,6.5,2.086,2086,6.4
2015,ZM153,Symbiont,Pocillopora,Deep,Dhaalu,Hulhuvehi,-18.3,4.9,543.8,0.26,26,81.9,0.039,3.9,2.093,2093,7.7
2015,ZM155,Symbiont,Pocillopora,Shallow,Dhaalu,Hulhuvehi,-16.6,5.1,531.7,0.258,25.8,64.7,0.031,3.1,2.064,2064,9.6
2015,ZM157,Symbiont,Pocillopora,Shallow,Dhaalu,Hulhuvehi,-15.3,6,585.8,0.286,28.6,104,0.051,5.1,2.045,2045,6.6
2015,ZM158,Symbiont,Pocillopora,Shallow,Dhaalu,Hulhuvehi,-16.6,4.7,368.8,0.181,18.1,51.7,0.025,2.5,2.037,2037,8.3
2015,ZM161,Symbiont,Pachyseris,Shallow,Dhaalu,Hulhuvehi,-13.8,5.1,453.4,0.222,22.2,57.3,0.028,2.8,2.04,2040,9.2
2015,ZM162,Symbiont,Pachyseris,Shallow,Dhaalu,Hulhuvehi,-13.3,5.5,359.3,0.17,17,43.4,0.02,2,2.118,2118,9.7
2015,ZM163,Symbiont,Pachyseris,Shallow,Dhaalu,Hulhuvehi,-14.8,5.6,258.4,0.122,12.2,32.4,0.015,1.5,2.11,2110,9.3
2015,ZM165,Symbiont,Galaxea,Shallow,Dhaalu,Hulhuvehi,-13.9,4.6,272.4,0.133,13.3,39.9,0.02,2,2.044,2044,8
2015,ZM167,Symbiont,Galaxea,Shallow,Dhaalu,Hulhuvehi,-14.6,5.2,498.4,0.232,23.2,77.5,0.036,3.6,2.151,2151,7.5
2015,ZM171,Symbiont,Pachyseris,Deep,Dhaalu,Maafushi,-13.8,4.8,342.2,0.171,17.1,56.3,0.028,2.8,1.997,1997,7.1
2015,ZM178,Symbiont,Pachyseris,Deep,Dhaalu,Maafushi,-13.2,4.9,447.6,0.217,21.7,70,0.034,3.4,2.065,2065,7.5
2015,ZM179,Symbiont,Pachyseris,Deep,Dhaalu,Maafushi,-14.8,5.7,534.7,0.255,25.5,78.6,0.038,3.8,2.093,2093,7.9
2015,ZM183,Symbiont,Galaxea,Deep,Dhaalu,Maafushi,-18,5,526.9,0.243,24.3,84.2,0.039,3.9,2.165,2165,7.3
2015,ZM184,Symbiont,Galaxea,Deep,Dhaalu,Maafushi,-19.2,4.5,532.9,0.256,25.6,78.5,0.038,3.8,2.081,2081,7.9
2015,ZM185,Symbiont,Galaxea,Deep,Dhaalu,Maafushi,-18.4,3.6,342,0.171,17.1,53.9,0.027,2.7,1.998,1998,7.4
2015,ZM186,Symbiont,Pocillopora,Shallow,Dhaalu,Maafushi,-13.8,6.4,477.1,0.228,22.8,72.4,0.035,3.5,2.089,2089,7.7
2015,ZM188,Symbiont,Pocillopora,Shallow,Dhaalu,Maafushi,-14.1,6.7,626.6,0.31,31,117.6,0.058,5.8,2.023,2023,6.2
2015,ZM189,Symbiont,Pocillopora,Shallow,Dhaalu,Maafushi,-14.3,6.5,422.9,0.211,21.1,72.8,0.036,3.6,2.005,2005,6.8
2015,ZM200,Symbiont,Galaxea,Shallow,Dhaalu,Maafushi,-17.1,3.6,577.6,0.286,28.6,106.6,0.053,5.3,2.021,2021,6.3
2015,ZM201,Symbiont,Pachyseris,Shallow,Meemu,Kurali,-16.7,4.7,521.9,0.256,25.6,70,0.034,3.4,2.035,2035,8.7
2015,ZM202,Symbiont,Pachyseris,Shallow,Meemu,Kurali,-11.5,4.8,224.7,0.11,11,22.2,0.011,1.1,2.039,2039,11.8
2015,ZM205,Symbiont,Pachyseris,Deep,Meemu,Bodu huraa,-14.2,6.3,436.6,0.211,21.1,50,0.024,2.4,2.071,2071,10.2
2015,ZM206,Symbiont,Pachyseris,Deep,Meemu,Bodu huraa,-12.2,6.1,263.5,0.126,12.6,27.2,0.013,1.3,2.094,2094,11.3
2015,ZM207,Symbiont,Pachyseris,Deep,Meemu,Bodu huraa,-14.6,6.6,633.1,0.307,30.7,82.2,0.04,4,2.059,2059,9
2015,ZM211,Symbiont,Galaxea,Deep,Meemu,Bodu huraa,-16.7,4.3,479.5,0.234,23.4,75.3,0.037,3.7,2.052,2052,7.4
2015,ZM212,Symbiont,Galaxea,Deep,Meemu,Bodu huraa,-15.7,5.2,394.6,0.194,19.4,50.5,0.025,2.5,2.034,2034,9.1
2015,ZM213,Symbiont,Pocillopora,Deep,Meemu,Bodu huraa,-17,5.5,667.7,0.318,31.8,127,0.06,6,2.1,2100,6.1
2015,ZM216,Symbiont,Pocillopora,Deep,Meemu,Bodu huraa,-16.3,5.6,766.1,0.374,37.4,132.6,0.065,6.5,2.046,2046,6.7
2015,ZM220,Symbiont,Pocillopora,Deep,Meemu,Bodu huraa,-15.7,5,557.2,0.262,26.2,101.5,0.048,4.8,2.129,2129,6.4
2015,ZM225,Symbiont,Galaxea,Deep,Meemu,Bodu huraa,-17.2,4.5,396.5,0.185,18.5,63.8,0.03,3,2.142,2142,7.3
2015,ZM228,Symbiont,Pachyseris,Shallow,Meemu,Bodu huraa,-12.8,5.5,222.5,0.107,10.7,25.5,0.012,1.2,2.089,2089,10.2
2015,ZM230,Symbiont,Pachyseris,Shallow,Meemu,Bodu huraa,-15.1,5.2,377.2,0.185,18.5,52.3,0.026,2.6,2.034,2034,8.4
2015,ZM232,Symbiont,Pachyseris,Shallow,Meemu,Bodu huraa,-12,5.8,464.4,0.23,23,55.9,0.028,2.8,2.023,2023,9.7
2015,ZM235,Symbiont,Pocillopora,Shallow,Meemu,Bodu huraa,-18.2,5.5,640.8,0.318,31.8,104.1,0.052,5.2,2.013,2013,7.2
2015,ZM236,Symbiont,Pocillopora,Shallow,Meemu,Bodu huraa,-17.8,4.1,648.3,0.309,30.9,99,0.047,4.7,2.098,2098,7.6
2015,ZM238,Symbiont,Pocillopora,Shallow,Meemu,Bodu huraa,-18.2,5.8,461.3,0.224,22.4,76.6,0.037,3.7,2.057,2057,7
2015,ZM241,Symbiont,Galaxea,Shallow,Meemu,Bodu huraa,-15.1,4.8,566.3,0.275,27.5,88.8,0.043,4.3,2.06,2060,7.4
2015,ZM246,Symbiont,Galaxea,Shallow,Meemu,Bodu huraa,-15.4,4.2,483.2,0.235,23.5,80.4,0.039,3.9,2.056,2056,7
2015,ZM248,Symbiont,Galaxea,Shallow,Meemu,Bodu huraa,-14.4,3.7,353.7,0.173,17.3,49.8,0.024,2.4,2.04,2040,8.3
2015,ZM254,Symbiont,Pachyseris,Deep,,Veyvah,-12.3,5.9,329.2,0.162,16.2,39.1,0.019,1.9,2.03,2030,9.8
2015,ZM255,Symbiont,Pachyseris,Deep,,Veyvah,-15.1,5.7,341.6,0.166,16.6,44.3,0.022,2.2,2.056,2056,9
2015,ZM256,Symbiont,Pachyseris,Deep,,Veyvah,-14.2,5.7,469.3,0.233,23.3,53.3,0.026,2.6,2.014,2014,10.3
2015,ZM261,Symbiont,Galaxea,Deep,,Veyvah,-16.6,4.9,396.1,0.191,19.1,60.4,0.029,2.9,2.069,2069,7.7
2015,ZM262,Symbiont,Galaxea,Deep,,Veyvah,-18,5.7,446.8,0.219,21.9,70.7,0.035,3.5,2.041,2041,7.4
2015,ZM263,Symbiont,Galaxea,Deep,,Veyvah,-17.8,5.1,378.1,0.184,18.4,47.7,0.023,2.3,2.057,2057,9.2
2015,ZM265,Symbiont,Pocillopora,Deep,,Veyvah,-17.3,5.8,468.2,0.225,22.5,75.2,0.036,3.6,2.08,2080,7.3
2015,ZM266,Symbiont,Pocillopora,Deep,,Veyvah,-17.2,5.1,745.2,0.35,35,122.5,0.058,5.8,2.128,2128,7.1
2015,ZM268,Symbiont,Pocillopora,Deep,,Veyvah,-17.6,5.5,709.4,0.352,35.2,127.9,0.063,6.3,2.018,2018,6.5
2015,ZM273,Symbiont,Galaxea,Shallow,,Veyvah,-16.6,3.4,524.6,0.261,26.1,74.3,0.037,3.7,2.012,2012,8.2
2015,ZM275,Symbiont,Galaxea,Shallow,,Veyvah,-14.4,4.3,344,0.163,16.3,49,0.023,2.3,2.115,2115,8.2
2015,ZM279,Symbiont,Pocillopora,Shallow,,Veyvah,-17.5,5.4,629.1,0.312,31.2,115.8,0.057,5.7,2.019,2019,6.3
2015,ZM282,Symbiont,Pocillopora,Shallow,,Veyvah,-15,5.7,706.3,0.349,34.9,103,0.051,5.1,2.023,2023,8
2015,ZM284,Symbiont,Pocillopora,Shallow,,Veyvah,-17.4,5.6,282.9,0.139,13.9,49.1,0.024,2.4,2.037,2037,6.7
2015,ZM289,Symbiont,Pocillopora,Deep,Vaavu,Kandimma Falhu,-16.4,4.5,609.2,0.302,30.2,106.1,0.053,5.3,2.019,2019,6.7
2015,ZM290,Symbiont,Pocillopora,Deep,Vaavu,Kandimma Falhu,-18.7,4.5,746.2,0.368,36.8,119.2,0.059,5.9,2.027,2027,7.3
2015,ZM291,Symbiont,Pocillopora,Deep,Vaavu,Kandimma Falhu,-17.1,5.4,669.7,0.335,33.5,128.2,0.064,6.4,2,2000,6.1
2015,ZM293,Symbiont,Pachyseris,Deep,Vaavu,Kandimma Falhu,-15.8,6.1,534.5,0.249,24.9,77.1,0.036,3.6,2.144,2144,8.1
2015,ZM294,Symbiont,Pachyseris,Deep,Vaavu,Kandimma Falhu,-13.9,6.5,410.7,0.194,19.4,56.2,0.027,2.7,2.115,2115,8.5
2015,ZM295,Symbiont,Pachyseris,Deep,Vaavu,Kandimma Falhu,-14.9,5.6,254.5,0.124,12.4,29.6,0.014,1.4,2.053,2053,10
2015,ZM302,Symbiont,Galaxea,Deep,Vaavu,Kandimma Falhu,-18,6,620.8,0.31,31,95.9,0.048,4.8,2.005,2005,7.6
2015,ZM303,Symbiont,Galaxea,Deep,Vaavu,Kandimma Falhu,-17.5,5.7,780.1,0.386,38.6,114.3,0.057,5.7,2.021,2021,8
2015,ZM305,Symbiont,Galaxea,Shallow,Vaavu,Kandimma Falhu,-13.1,5.1,379.4,0.184,18.4,59.6,0.029,2.9,2.057,2057,7.4
2015,ZM307,Symbiont,Galaxea,Shallow,Vaavu,Kandimma Falhu,-16.7,4.7,469.4,0.227,22.7,69.6,0.034,3.4,2.068,2068,7.9
2015,ZM309,Symbiont,Galaxea,Shallow,Vaavu,Kandimma Falhu,-13.5,4.2,259.5,0.123,12.3,34.7,0.016,1.6,2.104,2104,8.7
2015,ZM312,Symbiont,Pocillopora,Shallow,Vaavu,Kandimma Falhu,-16.7,5.7,624.7,0.311,31.1,117.2,0.058,5.8,2.009,2009,6.2
2015,ZM314,Symbiont,Pocillopora,Shallow,Vaavu,Kandimma Falhu,-17.8,4.6,391.2,0.185,18.5,66.1,0.031,3.1,2.119,2119,6.9
2015,ZM317,Symbiont,Pocillopora,Shallow,Vaavu,Kandimma Falhu,,6,609.6,0.297,29.7,130.9,0.064,6.4,2.052,2052,5.4
2015,ZM319,Symbiont,Pachyseris,Shallow,Vaavu,Kandimma Falhu,-12.5,5.9,381.5,0.188,18.8,47.5,0.023,2.3,2.034,2034,9.4
2015,ZM322,Symbiont,Pachyseris,Shallow,Vaavu,Kandimma Falhu,-12,5.2,242.4,0.116,11.6,31.7,0.015,1.5,2.092,2092,8.9
2015,ZM324,Symbiont,Pachyseris,Shallow,Vaavu,Kandimma Falhu,-11.2,5.7,314.3,0.153,15.3,41.1,0.02,2,2.059,2059,8.9
2015,ZM326,Symbiont,Pachyseris,Deep,Vaavu,Medhu Faru,-13,5.8,515,0.243,24.3,61.9,0.029,2.9,2.119,2119,9.7
2015,ZM332,Symbiont,Pachyseris,Deep,Vaavu,Medhu Faru,-15.8,6.1,630.6,0.316,31.6,75.6,0.038,3.8,1.995,1995,9.7
2015,ZM333,Symbiont,Pachyseris,Deep,Vaavu,Medhu Faru,-13.4,6.1,178.5,0.084,8.4,23.7,0.011,1.1,2.122,2122,8.8
2015,ZM336,Symbiont,Pocillopora,Deep,Vaavu,Medhu Faru,-16.2,5.5,566.5,0.281,28.1,93.6,0.046,4.6,2.013,2013,7.1
2015,ZM337,Symbiont,Pocillopora,Deep,Vaavu,Medhu Faru,-16.1,5.1,791.9,0.386,38.6,120.5,0.059,5.9,2.052,2052,7.7
2015,ZM342,Symbiont,Pocillopora,Deep,Vaavu,Medhu Faru,-17.2,4.9,446.2,0.222,22.2,80.2,0.04,4,2.014,2014,6.5
2015,ZM344,Symbiont,Galaxea,Deep,Vaavu,Medhu Faru,-18.7,5.3,440.4,0.213,21.3,54.4,0.026,2.6,2.071,2071,9.4
2015,ZM348,Symbiont,Galaxea,Deep,Vaavu,Medhu Faru,-16.8,5.9,307.2,0.149,14.9,40.9,0.02,2,2.065,2065,8.8
2015,ZM349,Symbiont,Galaxea,Deep,Vaavu,Medhu Faru,-17.2,5,325.7,0.159,15.9,57.4,0.028,2.8,2.052,2052,6.6
2015,ZM350,Symbiont,Pocillopora,Shallow,Vaavu,Medhu Faru,-15.7,5,432.9,0.214,21.4,74.3,0.037,3.7,2.025,2025,6.8
2015,ZM354,Symbiont,Pocillopora,Shallow,Vaavu,Medhu Faru,-17.2,5.1,579.1,0.283,28.3,99.9,0.049,4.9,2.049,2049,6.8
2015,ZM358,Symbiont,Pocillopora,Shallow,Vaavu,Medhu Faru,-16.7,5.4,384.9,0.187,18.7,69.6,0.034,3.4,2.061,2061,6.5
2015,ZM360,Symbiont,Pachyseris,Shallow,Vaavu,Medhu Faru,-15.4,4.9,573.2,0.281,28.1,84.6,0.041,4.1,2.043,2043,7.9
2015,ZM363,Symbiont,Pachyseris,Shallow,Vaavu,Medhu Faru,-16.3,5,454.9,0.223,22.3,50.6,0.025,2.5,2.041,2041,10.5
2015,ZM364,Symbiont,Pachyseris,Shallow,Vaavu,Medhu Faru,-18.1,4.7,395.3,0.193,19.3,40.1,0.02,2,2.045,2045,11.5
2015,ZM366,Symbiont,Galaxea,Shallow,Vaavu,Medhu Faru,-13.4,3.8,415.4,0.203,20.3,63.9,0.031,3.1,2.042,2042,7.6
2015,ZM370,Symbiont,Galaxea,Shallow,Vaavu,Medhu Faru,-14.9,4.1,625.2,0.311,31.1,106.3,0.053,5.3,2.009,2009,6.9
2015,ZM373,Symbiont,Galaxea,Shallow,Vaavu,Medhu Faru,-14.1,4.5,545,0.262,26.2,63.6,0.031,3.1,2.079,2079,10
2015,ZM378,Symbiont,Galaxea,Shallow,Vaavu,Medhu Faru,-15.2,4.6,418.2,0.201,20.1,59.2,0.028,2.8,2.084,2084,8.2
2015,ZM385,Symbiont,Pachyseris,Shallow,South Male,Maafushi S. Male,-14.4,5.6,293.3,0.135,13.5,38.4,0.018,1.8,2.175,2175,8.9
2015,ZM386,Symbiont,Pachyseris,Shallow,South Male,Maafushi S. Male,-14.3,5.8,614.4,0.295,29.5,85.8,0.041,4.1,2.08,2080,8.4
2015,ZM388,Symbiont,Pachyseris,Shallow,South Male,Maafushi S. Male,-14.2,5.2,371,0.177,17.7,48.4,0.023,2.3,2.098,2098,8.9
2015,ZM391,Symbiont,Pocillopora,Deep,South Male,Fushidiggaru Falhu,-17.5,5,677.1,0.33,33,111.2,0.054,5.4,2.051,2051,7.1
2015,ZM394,Symbiont,Pocillopora,Deep,South Male,Fushidiggaru Falhu,-17,3.7,575.1,0.282,28.2,89,0.044,4.4,2.038,2038,7.5
2015,ZM395,Symbiont,Pocillopora,Deep,South Male,Fushidiggaru Falhu,-16.9,5.1,815.7,0.404,40.4,125.5,0.062,6.2,2.018,2018,7.6
2015,ZM396,Symbiont,Galaxea,Deep,South Male,Fushidiggaru Falhu,-16.3,4.3,414.6,0.2,20,57.5,0.028,2.8,2.071,2071,8.4
2015,ZM398,Symbiont,Galaxea,Deep,South Male,Fushidiggaru Falhu,-17.4,4.1,473.8,0.226,22.6,78.9,0.038,3.8,2.099,2099,7
2015,ZM400,Symbiont,Galaxea,Deep,South Male,Fushidiggaru Falhu,-15,5.1,380.2,0.188,18.8,50.2,0.025,2.5,2.026,2026,8.8
2017,ZM403,Symbiont,Pachyseris,Deep,North Ari,Mathiveri,-13.3,5.1,368.5,0.179,17.9,46,0.022,2.2,2.061,2061,9.3
2017,ZM404,Symbiont,Pachyseris,Deep,North Ari,Mathiveri,-14.3,3.7,215.3,0.11,11,36.7,0.019,1.9,1.951,1951,6.8
2017,ZM405,Symbiont,Pachyseris,Deep,North Ari,Mathiveri,-10.9,2.3,285.1,0.142,14.2,40.8,0.02,2,2.014,2014,8.2
2017,ZM411,Symbiont,Galaxea,Shallow,North Ari,Mathiveri,-16.1,4,574.5,0.273,27.3,86.9,0.041,4.1,2.102,2102,7.7
2017,ZM412,Symbiont,Pocillopora,Shallow,North Ari,Mathiveri,-16.1,6,593.7,0.289,28.9,93.7,0.046,4.6,2.057,2057,7.4
2017,ZM415,Symbiont,Galaxea,Shallow,North Ari,Mathiveri,-15.9,4.3,607.3,0.294,29.4,93.9,0.045,4.5,2.064,2064,7.5
2017,ZM418,Symbiont,Pocillopora,Shallow,North Ari,Mathiveri,-18.1,4.8,741.4,0.365,36.5,107.9,0.053,5.3,2.034,2034,8
2017,ZM420,Symbiont,Pocillopora,Shallow,North Ari,Mathiveri,-18.2,4.2,457.9,0.226,22.6,71.8,0.035,3.5,2.024,2024,7.4
2017,ZM421,Symbiont,Galaxea,Shallow,North Ari,Mathiveri,-16.4,4.4,585.8,0.28,28,80.6,0.039,3.9,2.093,2093,8.5
2017,ZM422,Symbiont,Pachyseris,Deep,North Ari,Dinoluga,-12.3,4,214.6,0.096,9.6,23.9,0.011,1.1,2.233,2233,10.5
2017,ZM423,Symbiont,Pachyseris,Deep,North Ari,Dinoluga,-16.6,5.1,328.3,0.157,15.7,49.5,0.024,2.4,2.09,2090,7.7
2017,ZM424,Symbiont,Pachyseris,Deep,North Ari,Dinoluga,-13.1,4.1,196.3,0.093,9.3,17.7,0.008,0.8,2.118,2118,12.9
2017,ZM425,Symbiont,Pocillopora,Deep,North Ari,Dinoluga,-17.9,2.3,528,0.252,25.2,78.1,0.037,3.7,2.099,2099,7.9
2017,ZM427,Symbiont,Galaxea,Deep,North Ari,Dinoluga,-17.2,4.1,342.6,0.17,17,48.6,0.024,2.4,2.015,2015,8.2
2017,ZM428,Symbiont,Pocillopora,Deep,North Ari,Dinoluga,-18.7,3.3,643.4,0.319,31.9,96,0.048,4.8,2.019,2019,7.8
2017,ZM432,Symbiont,Galaxea,Deep,North Ari,Dinoluga,-18.3,3.4,627.5,0.305,30.5,99.5,0.048,4.8,2.057,2057,7.4
2017,ZM433,Symbiont,Galaxea,Deep,North Ari,Dinoluga,-20.3,4.2,912.2,0.439,43.9,122.6,0.059,5.9,2.076,2076,8.7
2017,ZM436,Symbiont,Galaxea,Deep,North Ari,Dinoluga,-17.8,5.1,574.9,0.276,27.6,89.9,0.043,4.3,2.081,2081,7.5
2017,ZM442,Symbiont,Pocillopora,Deep,North Ari,Dinoluga,-18.1,4.2,774,0.382,38.2,122.7,0.061,6.1,2.024,2024,7.4
2017,ZM443,Symbiont,Galaxea,Deep,North Ari,Dinoluga,-14.1,4.2,254.4,0.125,12.5,29.9,0.015,1.5,2.035,2035,9.9
2017,ZM447,Symbiont,Pocillopora,Deep,North Ari,Dinoluga,-17.2,4.1,955.7,0.442,44.2,138.4,0.064,6.4,2.164,2164,8.1
2017,ZM448,Symbiont,Galaxea,Deep,North Ari,Dinoluga,-17.4,4.2,221.4,0.112,11.2,34.5,0.017,1.7,1.975,1975,7.5
2017,ZM452,Symbiont,Galaxea,Shallow,North Ari,Dinoluga,-18.8,4.6,382.4,0.189,18.9,55.8,0.028,2.8,2.021,2021,8
2017,ZM453,Symbiont,Pocillopora,Shallow,North Ari,Dinoluga,-16.1,5.5,391.7,0.184,18.4,64.1,0.03,3,2.129,2129,7.1
2017,ZM456,Symbiont,Galaxea,Shallow,North Ari,Dinoluga,-15.5,3.7,239.8,0.109,10.9,34.8,0.016,1.6,2.194,2194,8
2017,ZM458,Symbiont,Pocillopora,Shallow,North Ari,Dinoluga,-16,5.6,334.2,0.156,15.6,53.5,0.025,2.5,2.147,2147,7.3
2017,ZM463,Symbiont,Pocillopora,Shallow,North Ari,Dinoluga,-15.6,5.2,334.9,0.166,16.6,57.3,0.028,2.8,2.018,2018,6.8
2017,ZM464,Symbiont,Galaxea,Shallow,North Ari,Dinoluga,-14.4,4,262.7,0.133,13.3,33.7,0.017,1.7,1.972,1972,9.1
2017,ZM468,Symbiont,Pachyseris,Deep,South Ari,Dhiggaru Falhu,-10.7,6.4,379.1,0.179,17.9,25.6,0.012,1.2,2.112,2112,17.3
2017,ZM470,Symbiont,Pachyseris,Deep,South Ari,Dhiggaru Falhu,-10.7,5.8,169.9,0.082,8.2,14.3,0.007,0.7,2.08,2080,13.9
2017,ZM472,Symbiont,Pachyseris,Deep,South Ari,Dhiggaru Falhu,-13.3,5.4,311.7,0.144,14.4,30.4,0.014,1.4,2.171,2171,12
2017,ZM474,Symbiont,Pocillopora,Deep,South Ari,Dhiggaru Falhu,-18.4,4.8,453.6,0.215,21.5,77.6,0.037,3.7,2.105,2105,6.8
2017,ZM475,Symbiont,Pocillopora,Deep,South Ari,Dhiggaru Falhu,-18.9,4.5,474.2,0.225,22.5,70.2,0.033,3.3,2.111,2111,7.9
2017,ZM476,Symbiont,Galaxea,Deep,South Ari,Dhiggaru Falhu,-18,5.2,486.2,0.221,22.1,65.5,0.03,3,2.203,2203,8.7
2017,ZM478,Symbiont,Galaxea,Deep,South Ari,Dhiggaru Falhu,-14.3,4.8,246.6,0.117,11.7,31.1,0.015,1.5,2.102,2102,9.3
2017,ZM480,Symbiont,Pocillopora,Deep,South Ari,Dhiggaru Falhu,-17.2,3.4,744.9,0.353,35.3,104.5,0.05,5,2.108,2108,8.3
2017,ZM485,Symbiont,Galaxea,Deep,South Ari,Dhiggaru Falhu,-17,5.6,751.9,0.363,36.3,114.8,0.055,5.5,2.072,2072,7.6
2017,ZM487,Symbiont,Pachyseris,Shallow,South Ari,Dhiggaru Falhu,-12.2,5.8,350.4,0.167,16.7,27.5,0.013,1.3,2.101,2101,14.9
2017,ZM489,Symbiont,Pachyseris,Shallow,South Ari,Dhiggaru Falhu,-17.5,6.2,661.8,0.315,31.5,72.8,0.035,3.5,2.098,2098,10.6
2017,ZM490,Symbiont,Pachyseris,Shallow,South Ari,Dhiggaru Falhu,-10.8,5.9,228.9,0.099,9.9,14.9,0.006,0.6,2.308,2308,17.9
2017,ZM492,Symbiont,Pachyseris,Shallow,South Ari,Dhiggaru Falhu,-14.5,6.4,374.4,0.175,17.5,33.8,0.016,1.6,2.138,2138,12.9
2017,ZM494,Symbiont,Pocillopora,Shallow,South Ari,Dhiggaru Falhu,-17.2,5.5,949.1,0.461,46.1,106.1,0.051,5.1,2.061,2061,10.4
2017,ZM499,Symbiont,Pocillopora,Shallow,South Ari,Dhiggaru Falhu,-17.4,5.5,853.5,0.423,42.3,114.4,0.057,5.7,2.016,2016,8.7
2017,ZM501,Symbiont,Galaxea,Deep,North Male,Reethi Rah,-11.7,5.1,245.4,0.122,12.2,23,0.011,1.1,2.017,2017,12.4
2017,ZM502,Symbiont,Galaxea,Deep,North Male,Reethi Rah,-18.5,5.1,500.4,0.235,23.5,55,0.026,2.6,2.128,2128,10.6
2017,ZM504,Symbiont,Pachyseris,Deep,North Male,Reethi Rah,-10.5,5.4,435.3,0.201,20.1,37.1,0.017,1.7,2.17,2170,13.7
2017,ZM507,Symbiont,Pachyseris,Deep,North Male,Reethi Rah,-13.4,4.9,223.7,0.109,10.9,27.7,0.013,1.3,2.053,2053,9.4
2017,ZM509,Symbiont,Pachyseris,Deep,North Male,Reethi Rah,-17,5.1,591.2,0.293,29.3,74,0.037,3.7,2.015,2015,9.3
2017,ZM514,Symbiont,Pachyseris,Shallow,North Male,Reethi Rah,-16.4,4.7,309.1,0.15,15,34,0.017,1.7,2.059,2059,10.6
2017,ZM516,Symbiont,Galaxea,Shallow,North Male,Reethi Rah,-16.1,4.4,606.2,0.289,28.9,74,0.035,3.5,2.098,2098,9.6
2017,ZM517,Symbiont,Galaxea,Shallow,North Male,Reethi Rah,-13.5,4.2,320,0.154,15.4,28.7,0.014,1.4,2.076,2076,13
2017,ZM518,Symbiont,Galaxea,Shallow,North Male,Reethi Rah,-13.1,5,181.5,0.089,8.9,20.8,0.01,1,2.033,2033,10.2
2017,ZM519,Symbiont,Pocillopora,Shallow,South Ari,Dhiggaru Falhu,-16.1,5.2,556.9,0.279,27.9,72.8,0.036,3.6,1.997,1997,8.9
2017,ZM522,Symbiont,Galaxea,Shallow,South Ari,Dhiggaru Falhu,-13.3,5.4,184.3,0.089,8.9,22.6,0.011,1.1,2.075,2075,9.5
2017,ZM528,Symbiont,Galaxea,Shallow,South Ari,Dhiggaru Falhu,-14.9,4.3,256.2,0.122,12.2,36.6,0.017,1.7,2.101,2101,8.2
2017,ZM529,Symbiont,Galaxea,Shallow,South Ari,Dhiggaru Falhu,-15.8,5.1,385.5,0.189,18.9,55.6,0.027,2.7,2.035,2035,8.1
2017,ZM532,Symbiont,Pachyseris,Shallow,South Ari,Dhangethi,-13.7,6.2,623.2,0.304,30.4,52.7,0.026,2.6,2.048,2048,13.8
2017,ZM534,Symbiont,Pachyseris,Shallow,South Ari,Dhangethi,-16.1,5.4,851.2,0.425,42.5,68.9,0.034,3.4,2.003,2003,14.4
2017,ZM535,Symbiont,Pachyseris,Shallow,South Ari,Dhangethi,-15.5,6.2,871,0.432,43.2,88.1,0.044,4.4,2.014,2014,11.5
2017,ZM542,Symbiont,Pachyseris,Deep,South Ari,Dhangethi,-13.5,6.1,723.1,0.345,34.5,78.3,0.037,3.7,2.095,2095,10.8
2017,ZM543,Symbiont,Pachyseris,Deep,South Ari,Dhangethi,-13.3,5.4,524.7,0.255,25.5,60.6,0.029,2.9,2.057,2057,10.1
2017,ZM546,Symbiont,Pachyseris,Deep,South Ari,Dhangethi,-13,6.2,386.7,0.186,18.6,43.2,0.021,2.1,2.081,2081,10.4
2017,ZM554,Symbiont,Galaxea,Deep,Dhaalu,Maadheli,-17.2,4.5,680.4,0.33,33,75.3,0.037,3.7,2.061,2061,10.5
2017,ZM555,Symbiont,Galaxea,Deep,Dhaalu,Maadheli,-12.1,4.8,428.6,0.206,20.6,42.3,0.02,2,2.081,2081,11.8
2017,ZM556,Symbiont,Galaxea,Deep,Dhaalu,Maadheli,-16.3,4.7,496.9,0.24,24,67,0.032,3.2,2.072,2072,8.7
2017,ZM557,Symbiont,Galaxea,Deep,Dhaalu,Maadheli,-16.2,4.4,831,0.407,40.7,94.4,0.046,4.6,2.04,2040,10.3
2017,ZM558,Symbiont,Galaxea,Deep,Dhaalu,Maadheli,-18.6,3.8,338.2,0.162,16.2,48.4,0.023,2.3,2.094,2094,8.2
2017,ZM560,Symbiont,Pachyseris,Deep,Dhaalu,Maadheli,-13.6,4.8,226.9,0.113,11.3,36,0.018,1.8,2.011,2011,7.4
2017,ZM562,Symbiont,Pachyseris,Deep,Dhaalu,Maadheli,-14.6,4.8,235.7,0.116,11.6,38.7,0.019,1.9,2.032,2032,7.1
2017,ZM566,Symbiont,Pachyseris,Deep,Dhaalu,Maadheli,-14,6,546.9,0.263,26.3,69,0.033,3.3,2.08,2080,9.2
2017,ZM569,Symbiont,Pocillopora,Deep,Dhaalu,Maadheli,-17.5,3.8,1070.4,0.526,52.6,130.1,0.064,6.4,2.034,2034,9.6
2017,ZM570,Symbiont,Pocillopora,Deep,Dhaalu,Maadheli,-20.4,4.2,925.7,0.451,45.1,97.7,0.048,4.8,2.053,2053,11.1
2017,ZM571,Symbiont,Pocillopora,Deep,Dhaalu,Maadheli,-18,4.1,987.5,0.489,48.9,132.8,0.066,6.6,2.019,2019,8.7
2017,ZM574,Symbiont,Pocillopora,Deep,Dhaalu,Maadheli,-19.4,4.8,961.8,0.472,47.2,89.8,0.044,4.4,2.038,2038,12.5
2017,ZM575,Symbiont,Pocillopora,Deep,Dhaalu,Maadheli,-18.5,3.9,992.4,0.482,48.2,117.2,0.057,5.7,2.058,2058,9.9
2017,ZM577,Symbiont,Galaxea,Shallow,Dhaalu,Maadheli,-16,4.8,486.5,0.243,24.3,41.1,0.021,2.1,2.002,2002,13.8
2017,ZM581,Symbiont,Galaxea,Shallow,Dhaalu,Maadheli,-15.4,4.9,569.1,0.283,28.3,57.2,0.028,2.8,2.008,2008,11.6
2017,ZM585,Symbiont,Galaxea,Shallow,Dhaalu,Maadheli,-15.2,4.3,686.7,0.33,33,59.5,0.029,2.9,2.08,2080,13.5
2017,ZM588,Symbiont,Pocillopora,Shallow,Dhaalu,Maadheli,-17.6,5.1,975.2,0.482,48.2,132.8,0.066,6.6,2.025,2025,8.6
2017,ZM593,Symbiont,Pocillopora,Shallow,Dhaalu,Maadheli,-17.7,4.6,932.5,0.449,44.9,117.7,0.057,5.7,2.077,2077,9.2
2017,ZM594,Symbiont,Pocillopora,Shallow,Dhaalu,Maadheli,-17.1,3.8,596.6,0.294,29.4,68.7,0.034,3.4,2.03,2030,10.1
2017,ZM597,Symbiont,Pachyseris,Deep,Dhaalu,Maafushi,-13,5.1,504.3,0.249,24.9,54.3,0.027,2.7,2.022,2022,10.8
2017,ZM599,Symbiont,Pachyseris,Deep,Dhaalu,Maafushi,-13.9,5.5,669.2,0.329,32.9,67,0.033,3.3,2.033,2033,11.7
2017,ZM601,Symbiont,Pocillopora,Deep,Dhaalu,Maafushi,-17.7,5.1,740,0.352,35.2,125.4,0.06,6,2.102,2102,6.9
2017,ZM607,Symbiont,Pachyseris,Deep,Dhaalu,Maafushi,-14.8,4.6,536,0.24,24,53.1,0.024,2.4,2.229,2229,11.8
2017,ZM611,Symbiont,Pocillopora,Shallow,Dhaalu,Maafushi,-16.8,5.2,700.4,0.341,34.1,96,0.047,4.7,2.054,2054,8.5
2017,ZM613,Symbiont,Pocillopora,Shallow,Dhaalu,Maafushi,-17.2,4.8,704.5,0.347,34.7,110.7,0.054,5.4,2.032,2032,7.4
2017,ZM616,Symbiont,Pocillopora,Shallow,Dhaalu,Maafushi,-18.5,4.4,945,0.464,46.4,121.9,0.06,6,2.038,2038,9
2017,ZM621,Symbiont,Galaxea,Shallow,Dhaalu,Maafushi,-17.1,4.8,631.8,0.317,31.7,76.9,0.039,3.9,1.995,1995,9.6
2017,ZM622,Symbiont,Galaxea,Shallow,Dhaalu,Maafushi,-16.7,4.2,391.9,0.196,19.6,52.4,0.026,2.6,1.997,1997,8.7
2017,ZM624,Symbiont,Galaxea,Shallow,Dhaalu,Maafushi,-18.1,3.8,514.6,0.25,25,74.1,0.036,3.6,2.059,2059,8.1
2017,ZM625,Symbiont,Galaxea,Shallow,Dhaalu,Naibukaloabodufushi,-13.6,5.1,383.9,0.187,18.7,43.7,0.021,2.1,2.051,2051,10.2
2017,ZM626,Symbiont,Galaxea,Shallow,Dhaalu,Naibukaloabodufushi,-17.1,5.3,331.7,0.164,16.4,42,0.021,2.1,2.017,2017,9.2
2017,ZM628,Symbiont,Galaxea,Shallow,Dhaalu,Naibukaloabodufushi,-15.6,5.2,177.9,0.084,8.4,27.7,0.013,1.3,2.111,2111,7.5
2017,ZM633,Symbiont,Pocillopora,Shallow,Dhaalu,Naibukaloabodufushi,-17.2,5.2,617.9,0.299,29.9,80.7,0.039,3.9,2.066,2066,8.9
2017,ZM634,Symbiont,Pocillopora,Shallow,Dhaalu,Naibukaloabodufushi,-16.8,5.4,774.3,0.369,36.9,109.7,0.052,5.2,2.098,2098,8.2
2017,ZM637,Symbiont,Pocillopora,Shallow,Dhaalu,Naibukaloabodufushi,-17,5.8,524.2,0.258,25.8,82,0.04,4,2.03,2030,7.5
2017,ZM638,Symbiont,Pachyseris,Shallow,Dhaalu,Naibukaloabodufushi,-16.4,4.8,657.6,0.33,33,67.5,0.034,3.4,1.99,1990,11.4
2017,ZM641,Symbiont,Pachyseris,Shallow,Dhaalu,Naibukaloabodufushi,-15.8,4.8,385.8,0.186,18.6,39.3,0.019,1.9,2.069,2069,11.5
2017,ZM648,Symbiont,Pocillopora,Deep,Dhaalu,Naibukaloabodufushi,-18.9,4.2,640.5,0.312,31.2,85.1,0.042,4.2,2.05,2050,8.8
2017,ZM649,Symbiont,Pocillopora,Deep,Dhaalu,Naibukaloabodufushi,-16,4.7,881.5,0.422,42.2,118.5,0.057,5.7,2.091,2091,8.7
2017,ZM650,Symbiont,Pocillopora,Deep,Dhaalu,Naibukaloabodufushi,-18,4.8,608.6,0.296,29.6,94.2,0.046,4.6,2.059,2059,7.5
2017,ZM654,Symbiont,Pachyseris,Deep,Dhaalu,Naibukaloabodufushi,-14.4,6.4,629.4,0.309,30.9,57.9,0.028,2.8,2.034,2034,12.7
2017,ZM655,Symbiont,Pachyseris,Deep,Dhaalu,Naibukaloabodufushi,-17.7,4.7,359.4,0.167,16.7,40.8,0.019,1.9,2.148,2148,10.3
2017,ZM661,Symbiont,Pachyseris,Deep,Dhaalu,Naibukaloabodufushi,-13.5,5.9,591.3,0.294,29.4,50.6,0.025,2.5,2.008,2008,13.6
2017,ZM664,Symbiont,Galaxea,Deep,Dhaalu,Naibukaloabodufushi,-15.8,5.2,457.5,0.218,21.8,48.3,0.023,2.3,2.095,2095,11.1
2017,ZM665,Symbiont,Galaxea,Deep,Dhaalu,Naibukaloabodufushi,-13.8,5,281.3,0.14,14,29.8,0.015,1.5,2.01,2010,11
2017,ZM667,Symbiont,Galaxea,Deep,Dhaalu,Naibukaloabodufushi,-17,4.8,359.5,0.169,16.9,44.8,0.021,2.1,2.133,2133,9.4
2017,ZM670,Symbiont,Pocillopora,Deep,Dhaalu,Hulhuvehi,-18.1,3.8,354.2,0.171,17.1,44.3,0.021,2.1,2.075,2075,9.3
2017,ZM671,Symbiont,Pocillopora,Deep,Dhaalu,Hulhuvehi,-17.3,3.6,982.5,0.489,48.9,106.1,0.053,5.3,2.011,2011,10.8
2017,ZM672,Symbiont,Pocillopora,Deep,Dhaalu,Hulhuvehi,-18.2,4.5,998,0.496,49.6,97,0.048,4.8,2.012,2012,12
2017,ZM677,Symbiont,Pocillopora,Deep,Dhaalu,Hulhuvehi,-17.4,4.3,350.5,0.169,16.9,47,0.023,2.3,2.072,2072,8.7
2017,ZM679,Symbiont,Galaxea,Deep,Dhaalu,Hulhuvehi,-16.9,5.7,290.4,0.142,14.2,35.1,0.017,1.7,2.042,2042,9.7
2017,ZM682,Symbiont,Galaxea,Deep,Dhaalu,Hulhuvehi,-18.9,5.4,327.6,0.149,14.9,49.9,0.023,2.3,2.201,2201,7.7
2017,ZM687,Symbiont,Pachyseris,Deep,Dhaalu,Hulhuvehi,-13,5.8,444.7,0.219,21.9,38.1,0.019,1.9,2.032,2032,13.6
2017,ZM690,Symbiont,Pachyseris,Deep,Dhaalu,Hulhuvehi,-15.2,6.1,621.2,0.309,30.9,53,0.026,2.6,2.008,2008,13.7
2017,ZM692,Symbiont,Pachyseris,Deep,Dhaalu,Hulhuvehi,-14.8,5.2,540.7,0.267,26.7,46.3,0.023,2.3,2.024,2024,13.6
2017,ZM694,Symbiont,Pocillopora,Shallow,Dhaalu,Hulhuvehi,-14.8,6.3,563.3,0.279,27.9,74.1,0.037,3.7,2.017,2017,8.9
2017,ZM695,Symbiont,Pocillopora,Shallow,Dhaalu,Hulhuvehi,-15.5,5.6,770.9,0.378,37.8,86.3,0.042,4.2,2.039,2039,10.4
2017,ZM698,Symbiont,Pocillopora,Shallow,Dhaalu,Hulhuvehi,-17.3,4.9,574.7,0.269,26.9,73.3,0.034,3.4,2.139,2139,9.1
2017,ZM700,Symbiont,Pocillopora,Shallow,Dhaalu,Hulhuvehi,-17.4,5,498.6,0.238,23.8,66.5,0.032,3.2,2.098,2098,8.7
2017,ZM702,Symbiont,Pachyseris,Shallow,Dhaalu,Hulhuvehi,-15.8,5.2,284.8,0.14,14,41.4,0.02,2,2.031,2031,8
2017,ZM703,Symbiont,Pachyseris,Shallow,Dhaalu,Hulhuvehi,-11.4,5.5,390.5,0.189,18.9,32.5,0.016,1.6,2.063,2063,14
2017,ZM704,Symbiont,Pachyseris,Shallow,Dhaalu,Hulhuvehi,-14.3,5.5,387.1,0.186,18.6,36.4,0.017,1.7,2.083,2083,12.4
2017,ZM707,Symbiont,Galaxea,Shallow,Dhaalu,Hulhuvehi,-17.6,3.9,709.5,0.348,34.8,76.9,0.038,3.8,2.039,2039,10.8
2017,ZM710,Symbiont,Galaxea,Shallow,Dhaalu,Hulhuvehi,-11.4,5,395.4,0.194,19.4,39.3,0.019,1.9,2.033,2033,11.7
2017,ZM712,Symbiont,Galaxea,Shallow,Dhaalu,Hulhuvehi,-15,4.2,387.6,0.192,19.2,45.5,0.023,2.3,2.017,2017,9.9
2017,ZM714,Symbiont,Pachyseris,Deep,Meemu,Kurali,-15.4,5.1,619,0.308,30.8,85.9,0.043,4.3,2.011,2011,8.4
2017,ZM719,Symbiont,Pachyseris,Deep,Meemu,Kurali,-12.8,6.4,653.8,0.318,31.8,84,0.041,4.1,2.058,2058,9.1
2017,ZM725,Symbiont,Pachyseris,Shallow,Meemu,Kurali,-16.1,4.4,302.3,0.15,15,38.4,0.019,1.9,2.009,2009,9.2
2017,ZM728,Symbiont,Pachyseris,Shallow,Meemu,Kurali,-14,6.4,677.5,0.336,33.6,88.3,0.044,4.4,2.014,2014,9
2017,ZM729,Symbiont,Pachyseris,Shallow,Meemu,Kurali,-13.3,5.6,485.2,0.238,23.8,66.2,0.032,3.2,2.037,2037,8.6
2017,ZM732,Symbiont,Galaxea,Deep,Meemu,Bodu huraa,-16.9,5.1,489,0.242,24.2,63.5,0.031,3.1,2.018,2018,9
2017,ZM733,Symbiont,Pocillopora,Deep,Meemu,Bodu huraa,-17.5,5.6,726.7,0.35,35,103.8,0.05,5,2.077,2077,8.2
2017,ZM734,Symbiont,Pocillopora,Deep,Meemu,Bodu huraa,-17.5,4.9,750.6,0.373,37.3,100.7,0.05,5,2.013,2013,8.7
2017,ZM736,Symbiont,Pocillopora,Deep,Meemu,Bodu huraa,-17.4,4.4,802,0.388,38.8,75.1,0.036,3.6,2.067,2067,12.5
2017,ZM738,Symbiont,Galaxea,Deep,Meemu,Bodu huraa,-15.8,4.7,576.9,0.284,28.4,68.6,0.034,3.4,2.03,2030,9.8
2017,ZM742,Symbiont,Pocillopora,Deep,Meemu,Bodu huraa,-18.1,3.9,876.8,0.43,43,112.7,0.055,5.5,2.041,2041,9.1
2017,ZM743,Symbiont,Pachyseris,Deep,Meemu,Bodu huraa,-13.2,6.3,460.1,0.226,22.6,46.4,0.023,2.3,2.032,2032,11.6
2017,ZM746,Symbiont,Pachyseris,Deep,Meemu,Bodu huraa,-14.5,6.1,523.4,0.253,25.3,58.1,0.028,2.8,2.07,2070,10.5
2017,ZM747,Symbiont,Pachyseris,Deep,Meemu,Bodu huraa,-14.9,6.2,599.9,0.296,29.6,67.8,0.033,3.3,2.027,2027,10.3
2017,ZM748,Symbiont,Galaxea,Deep,Meemu,Bodu huraa,-17.2,4.9,672.6,0.323,32.3,77.2,0.037,3.7,2.08,2080,10.2
2017,ZM758,Symbiont,Galaxea,Shallow,Meemu,Bodu huraa,-15.4,4.5,501.9,0.251,25.1,54.4,0.027,2.7,2.003,2003,10.8
2017,ZM760,Symbiont,Galaxea,Shallow,Meemu,Bodu huraa,-17.9,4.5,638.1,0.318,31.8,69.4,0.035,3.5,2.007,2007,10.7
2017,ZM761,Symbiont,Galaxea,Shallow,Meemu,Bodu huraa,-14.4,4,634.5,0.306,30.6,89.1,0.043,4.3,2.073,2073,8.3
2017,ZM768,Symbiont,Pachyseris,Shallow,Meemu,Bodu huraa,-15.2,4.9,543.5,0.266,26.6,54.6,0.027,2.7,2.042,2042,11.6
2017,ZM769,Symbiont,Pocillopora,Shallow,Meemu,Bodu huraa,-16.8,4.9,978.9,0.469,46.9,119.1,0.057,5.7,2.089,2089,9.6
2017,ZM771,Symbiont,Pachyseris,Shallow,Meemu,Bodu huraa,-11.5,5.4,680.1,0.325,32.5,36.7,0.018,1.8,2.095,2095,21.6
2017,ZM773,Symbiont,Pachyseris,Shallow,Meemu,Bodu huraa,-16.1,5.1,507.2,0.247,24.7,52.5,0.026,2.6,2.057,2057,11.3
2017,ZM776,Symbiont,Pachyseris,Shallow,Meemu,Bodu huraa,-15.2,4.5,613.3,0.291,29.1,47.6,0.023,2.3,2.108,2108,15
2017,ZM777,Symbiont,Pachyseris,Shallow,Meemu,Bodu huraa,-17.7,2.5,300.1,0.151,15.1,34.2,0.017,1.7,1.988,1988,10.2
2017,ZM778,Symbiont,Pocillopora,Shallow,Meemu,Bodu huraa,-16.2,5.2,640.8,0.31,31,88.2,0.043,4.3,2.064,2064,8.5
2017,ZM779,Symbiont,Pocillopora,Shallow,Meemu,Bodu huraa,-17.1,4.6,950.7,0.471,47.1,124,0.061,6.1,2.017,2017,8.9
2017,ZM780,Symbiont,Pocillopora,Shallow,Meemu,Bodu huraa,-16,5.1,646.4,0.308,30.8,78,0.037,3.7,2.099,2099,9.7
2017,ZM784,Symbiont,Pachyseris,Deep,Meemu,Veyvah,-14.8,5.6,506.4,0.249,24.9,60.1,0.03,3,2.033,2033,9.8
2017,ZM786,Symbiont,Pachyseris,Deep,Meemu,Veyvah,-15.3,4.9,908.2,0.425,42.5,87.6,0.041,4.1,2.137,2137,12.1
2017,ZM787,Symbiont,Pachyseris,Deep,Meemu,Veyvah,-13.7,5.6,437.7,0.217,21.7,51.9,0.026,2.6,2.02,2020,9.8
2017,ZM793,Symbiont,Galaxea,Deep,Meemu,Veyvah,-16.8,4.4,428.8,0.211,21.1,60.8,0.03,3,2.035,2035,8.2
2017,ZM794,Symbiont,Galaxea,Deep,Meemu,Veyvah,-15.8,4.6,500.3,0.243,24.3,56.3,0.027,2.7,2.063,2063,10.4
2017,ZM796,Symbiont,Galaxea,Deep,Meemu,Veyvah,-15.5,5.2,376,0.182,18.2,42.8,0.021,2.1,2.063,2063,10.2
2017,ZM801,Symbiont,Pocillopora,Deep,Meemu,Veyvah,-15.9,5.1,789,0.383,38.3,96.2,0.047,4.7,2.062,2062,9.6
2017,ZM805,Symbiont,Pocillopora,Deep,Meemu,Veyvah,-15.8,4.3,555.3,0.27,27,53.9,0.026,2.6,2.054,2054,12
2017,ZM806,Symbiont,Pocillopora,Deep,Meemu,Veyvah,-16.3,5.2,656.3,0.328,32.8,78.8,0.039,3.9,2,2000,9.7
2017,ZM810,Symbiont,Pocillopora,Shallow,Meemu,Veyvah,-17,4.9,718.2,0.343,34.3,87.5,0.042,4.2,2.094,2094,9.6
2017,ZM813,Symbiont,Pocillopora,Shallow,Meemu,Veyvah,-17.2,5.4,759.5,0.372,37.2,90.4,0.044,4.4,2.042,2042,9.8
2017,ZM817,Symbiont,Pocillopora,Shallow,Meemu,Veyvah,-17.1,6.1,456.6,0.229,22.9,81.1,0.041,4.1,1.991,1991,6.6
2017,ZM819,Symbiont,Galaxea,Shallow,Meemu,Veyvah,-17.3,4.6,577.1,0.281,28.1,78.1,0.038,3.8,2.056,2056,8.6
2017,ZM820,Symbiont,Galaxea,Shallow,Meemu,Veyvah,-12.3,3.2,249.7,0.124,12.4,31.6,0.016,1.6,2.006,2006,9.2
2017,ZM823,Symbiont,Pachyseris,Deep,Vaavu,Kandimma Falhu,-15,5.7,799.1,0.39,39,86.5,0.042,4.2,2.047,2047,10.8
2017,ZM827,Symbiont,Pachyseris,Deep,Vaavu,Kandimma Falhu,-16.3,6.3,539.3,0.243,24.3,72.4,0.033,3.3,2.215,2215,8.7
2017,ZM829,Symbiont,Pachyseris,Deep,Vaavu,Kandimma Falhu,-15.9,6.1,720.3,0.352,35.2,89.6,0.044,4.4,2.049,2049,9.4
2017,ZM830,Symbiont,Galaxea,Deep,Vaavu,Kandimma Falhu,-17.7,5.1,724.8,0.349,34.9,98.1,0.047,4.7,2.079,2079,8.6
2017,ZM831,Symbiont,Galaxea,Deep,Vaavu,Kandimma Falhu,-17.3,4.7,564.4,0.283,28.3,77.7,0.039,3.9,1.996,1996,8.5
2017,ZM832,Symbiont,Galaxea,Deep,Vaavu,Kandimma Falhu,-16.4,4.9,671.9,0.327,32.7,88.9,0.043,4.3,2.056,2056,8.8
2017,ZM835,Symbiont,Pocillopora,Deep,Vaavu,Kandimma Falhu,-18.7,4.7,586,0.287,28.7,67.8,0.033,3.3,2.042,2042,10.1
2017,ZM838,Symbiont,Pocillopora,Deep,Vaavu,Kandimma Falhu,-16.5,4.8,868,0.423,42.3,118.1,0.058,5.8,2.05,2050,8.6
2017,ZM843,Symbiont,Pocillopora,Deep,Vaavu,Kandimma Falhu,-18.1,5.1,597.1,0.28,28,77.2,0.036,3.6,2.135,2135,9
2017,ZM845,Symbiont,Pachyseris,Shallow,Vaavu,Kandimma Falhu,-12.2,6.6,317.6,0.153,15.3,45.5,0.022,2.2,2.076,2076,8.1
2017,ZM846,Symbiont,Pachyseris,Shallow,Vaavu,Kandimma Falhu,-14.1,5.5,333.4,0.162,16.2,37.8,0.018,1.8,2.059,2059,10.3
2017,ZM847,Symbiont,Pachyseris,Shallow,Vaavu,Kandimma Falhu,-11.3,6.3,541.9,0.262,26.2,48.9,0.024,2.4,2.065,2065,12.9
2017,ZM848,Symbiont,Pachyseris,Shallow,Vaavu,Kandimma Falhu,-15.5,5.9,777.5,0.389,38.9,87.1,0.044,4.4,1.997,1997,10.4
2017,ZM852,Symbiont,Pachyseris,Shallow,Vaavu,Kandimma Falhu,-14.4,5.6,477.1,0.238,23.8,61.1,0.031,3.1,2.002,2002,9.1
2017,ZM856,Symbiont,Pocillopora,Shallow,Vaavu,Kandimma Falhu,-16.2,4.9,910.3,0.447,44.7,114.8,0.056,5.6,2.035,2035,9.3
2017,ZM860,Symbiont,Pocillopora,Shallow,Vaavu,Kandimma Falhu,-15.9,4.9,537.1,0.252,25.2,75.1,0.035,3.5,2.131,2131,8.3
2017,ZM861,Symbiont,Pocillopora,Shallow,Vaavu,Kandimma Falhu,-15.7,4.9,769.3,0.381,38.1,93,0.046,4.6,2.018,2018,9.7
2017,ZM865,Symbiont,Galaxea,Shallow,Vaavu,Kandimma Falhu,-14.2,5.8,402.5,0.196,19.6,44.2,0.022,2.2,2.053,2053,10.6
2017,ZM868,Symbiont,Galaxea,Shallow,Vaavu,Kandimma Falhu,-15.2,4.7,520.8,0.251,25.1,75.7,0.036,3.6,2.079,2079,8
2017,ZM869,Symbiont,Galaxea,Shallow,Vaavu,Kandimma Falhu,-14,4.5,428.9,0.206,20.6,49.1,0.024,2.4,2.078,2078,10.2
2017,ZM872,Symbiont,Pocillopora,Deep,Vaavu,Medhu Faru,-17.6,4.7,756.5,0.368,36.8,96.9,0.047,4.7,2.057,2057,9.1
2017,ZM873,Symbiont,Pocillopora,Deep,Vaavu,Medhu Faru,-18.1,4.8,853.3,0.405,40.5,123.2,0.059,5.9,2.105,2105,8.1
2017,ZM874,Symbiont,Pocillopora,Deep,Vaavu,Medhu Faru,-18.3,4.2,636.8,0.307,30.7,87.7,0.042,4.2,2.076,2076,8.5
2017,ZM875,Symbiont,Galaxea,Deep,Vaavu,Medhu Faru,-17.1,5.6,644.8,0.314,31.4,67.3,0.033,3.3,2.052,2052,11.2
2017,ZM879,Symbiont,Galaxea,Deep,Vaavu,Medhu Faru,-16.7,5.4,679.7,0.325,32.5,73.4,0.035,3.5,2.09,2090,10.8
2017,ZM880,Symbiont,Galaxea,Deep,Vaavu,Medhu Faru,-16.4,4.3,406.2,0.192,19.2,54.1,0.026,2.6,2.116,2116,8.8
2017,ZM885,Symbiont,Pachyseris,Deep,Vaavu,Medhu Faru,-15.3,5.4,604,0.294,29.4,68.8,0.034,3.4,2.051,2051,10.2
2017,ZM888,Symbiont,Pachyseris,Deep,Vaavu,Medhu Faru,-15.8,5.3,653.7,0.317,31.7,73.5,0.036,3.6,2.061,2061,10.4
2017,ZM889,Symbiont,Pachyseris,Deep,Vaavu,Medhu Faru,-15.3,5.4,608.2,0.297,29.7,64.2,0.031,3.1,2.049,2049,11.1
2017,ZM893,Symbiont,Pocillopora,Shallow,Vaavu,Medhu Faru,-17.6,5.2,569,0.284,28.4,62,0.031,3.1,2.006,2006,10.7
2017,ZM897,Symbiont,Pocillopora,Shallow,Vaavu,Medhu Faru,-15.8,5.6,1011.1,0.482,48.2,93.3,0.044,4.4,2.098,2098,12.6
2017,ZM899,Symbiont,Pocillopora,Shallow,Vaavu,Medhu Faru,-16.9,5.2,776.1,0.37,37,111.6,0.053,5.3,2.096,2096,8.1
2017,ZM903,Symbiont,Galaxea,Shallow,Vaavu,Medhu Faru,-16.5,5.5,373.1,0.183,18.3,46.2,0.023,2.3,2.035,2035,9.4
2017,ZM905,Symbiont,Galaxea,Shallow,Vaavu,Medhu Faru,-16.7,5.1,536.2,0.257,25.7,67.7,0.032,3.2,2.084,2084,9.2
2017,ZM906,Symbiont,Galaxea,Shallow,Vaavu,Medhu Faru,-14.2,4.6,469.6,0.215,21.5,63.9,0.029,2.9,2.186,2186,8.6
2017,ZM913,Symbiont,Galaxea,Deep,South Male,Tholhimaraahuraa,-16.6,4.5,700.1,0.343,34.3,100.1,0.049,4.9,2.041,2041,8.2
2017,ZM915,Symbiont,Galaxea,Deep,South Male,Tholhimaraahuraa,-17.3,4.6,661.4,0.33,33,94.8,0.047,4.7,2.003,2003,8.1
2017,ZM916,Symbiont,Galaxea,Deep,South Male,Tholhimaraahuraa,-17.8,5.2,455.2,0.227,22.7,61.1,0.031,3.1,2.003,2003,8.7
2017,ZM921,Symbiont,Pocillopora,Deep,South Male,Tholhimaraahuraa,-18.8,4,975,0.459,45.9,128.8,0.061,6.1,2.122,2122,8.8
2017,ZM922,Symbiont,Pocillopora,Deep,South Male,Tholhimaraahuraa,-16.5,4.5,802.9,0.402,40.2,131.1,0.066,6.6,1.999,1999,7.1
2017,ZM927,Symbiont,Pocillopora,Deep,South Male,Tholhimaraahuraa,-18.2,4.6,875.3,0.42,42,116.5,0.056,5.6,2.083,2083,8.8
2017,ZM930,Symbiont,Pachyseris,Deep,South Male,Tholhimaraahuraa,-10.4,6,440.5,0.206,20.6,39.4,0.018,1.8,2.137,2137,13
2017,ZM933,Symbiont,Pachyseris,Deep,South Male,Tholhimaraahuraa,-12.6,5.3,447.6,0.212,21.2,39.5,0.019,1.9,2.111,2111,13.2
2017,ZM934,Symbiont,Pachyseris,Deep,South Male,Tholhimaraahuraa,-16,5.9,543.1,0.266,26.6,73.7,0.036,3.6,2.039,2039,8.6
2017,ZM938,Symbiont,Galaxea,Shallow,South Male,Tholhimaraahuraa,-17.5,4,777.9,0.387,38.7,103.5,0.051,5.1,2.011,2011,8.8
2017,ZM939,Symbiont,Galaxea,Shallow,South Male,Tholhimaraahuraa,-17.9,5,769.3,0.381,38.1,113.3,0.056,5.6,2.018,2018,7.9
2017,ZM946,Symbiont,Galaxea,Shallow,South Male,Tholhimaraahuraa,-16.2,5.8,633.2,0.316,31.6,73.3,0.037,3.7,2.002,2002,10.1
2017,ZM949,Symbiont,Pocillopora,Shallow,South Male,Tholhimaraahuraa,-16.8,5.4,913.3,0.456,45.6,134.4,0.067,6.7,2.003,2003,7.9
2017,ZM950,Symbiont,Pocillopora,Shallow,South Male,Tholhimaraahuraa,-17.1,5.1,810.2,0.398,39.8,122.6,0.06,6,2.037,2037,7.7
2017,ZM952,Symbiont,Pocillopora,Shallow,South Male,Tholhimaraahuraa,-15.7,5.7,823.3,0.409,40.9,94.7,0.047,4.7,2.011,2011,10.1
2017,ZM961,Symbiont,Pachyseris,Shallow,South Male,Tholhimaraahuraa,-15.4,5.1,630.9,0.3,30,74.4,0.035,3.5,2.101,2101,9.9
2017,ZM962,Symbiont,Pachyseris,Shallow,South Male,Tholhimaraahuraa,-10.8,5.8,436.6,0.209,20.9,39.6,0.019,1.9,2.088,2088,12.9
2017,ZM965,Symbiont,Pachyseris,Shallow,South Male,Tholhimaraahuraa,-15.3,4.5,353.5,0.175,17.5,43.5,0.022,2.2,2.018,2018,9.5
2017,ZM967,Symbiont,Pocillopora,Deep,South Male,Fushidiggaru Falhu,-17.3,5,784.7,0.383,38.3,100.2,0.049,4.9,2.047,2047,9.1
2017,ZM969,Symbiont,Pocillopora,Deep,South Male,Fushidiggaru Falhu,-17.5,4.4,969.5,0.473,47.3,106.1,0.052,5.2,2.049,2049,10.7
2017,ZM975,Symbiont,Pocillopora,Deep,South Male,Fushidiggaru Falhu,-17.7,4.1,393.5,0.196,19.6,55.7,0.028,2.8,2.008,2008,8.2
2017,ZM979,Symbiont,Galaxea,Deep,South Male,Fushidiggaru Falhu,-15.9,4.3,326.6,0.146,14.6,44.5,0.02,2,2.241,2241,8.6
2017,ZM981,Symbiont,Galaxea,Deep,South Male,Fushidiggaru Falhu,-16,4.5,696.2,0.337,33.7,93.8,0.045,4.5,2.065,2065,8.7
2017,ZM984,Symbiont,Galaxea,Deep,South Male,Fushidiggaru Falhu,-15.6,5.3,649.4,0.318,31.8,87.7,0.043,4.3,2.041,2041,8.6
2017,ZM985,Symbiont,Pachyseris,Deep,South Male,Fushidiggaru Falhu,-14.7,5.4,766.7,0.382,38.2,80.6,0.04,4,2.007,2007,11.1
2017,ZM986,Symbiont,Pachyseris,Deep,South Male,Fushidiggaru Falhu,-13.7,5.8,334,0.163,16.3,36,0.018,1.8,2.049,2049,10.8
2017,ZM990,Symbiont,Pachyseris,Deep,South Male,Fushidiggaru Falhu,-15,5.2,474.9,0.227,22.7,45,0.022,2.2,2.093,2093,12.3
2017,ZM998,Symbiont,Galaxea,Shallow,South Male,Fushidiggaru Falhu,-16.6,5.2,543,0.267,26.7,62.1,0.031,3.1,2.03,2030,10.2
2017,ZM1000,Symbiont,Galaxea,Shallow,South Male,Fushidiggaru Falhu,-13.8,4.9,593.8,0.292,29.2,72.6,0.036,3.6,2.035,2035,9.5
2017,ZM1001,Symbiont,Galaxea,Shallow,South Male,Fushidiggaru Falhu,-16.2,4.9,599.9,0.3,30,70.4,0.035,3.5,2.003,2003,9.9
2017,ZM1005,Symbiont,Pocillopora,Shallow,South Male,Fushidiggaru Falhu,-14.9,6.2,657.1,0.313,31.3,100.2,0.048,4.8,2.1,2100,7.7
2017,ZM1007,Symbiont,Pocillopora,Shallow,South Male,Fushidiggaru Falhu,-16.4,5.7,714.7,0.354,35.4,98.5,0.049,4.9,2.02,2020,8.5
2017,ZM1008,Symbiont,Pocillopora,Shallow,South Male,Fushidiggaru Falhu,-12.4,6.2,420.4,0.207,20.7,47.9,0.024,2.4,2.032,2032,10.2
2017,ZM1010,Symbiont,Pachyseris,Shallow,South Male,Fushidiggaru Falhu,-14.1,5.3,770.9,0.378,37.8,75.3,0.037,3.7,2.042,2042,11.9
2017,ZM1011,Symbiont,Pachyseris,Shallow,South Male,Fushidiggaru Falhu,-14,5.3,358.5,0.179,17.9,42.7,0.021,2.1,2.002,2002,9.8